MTS	OPEN	CLOSE	HIGH	LOW	VOLUME
1582617600000	267.69	267.69	267.69	267.69	0.02
1582617720000	267.56	267.64	267.64	267.35	20.661274640000002
1582617960000	267.65	268.06	268.06	267.65	1.73604915
